{
  "fixed": {
    "i_SS_BM": 0.899999955,
    "i_SS_X_I": 0.749999955,
    "i_SS_X_S": 0.749999955
  },
  "special": {}
}