{
  "fixed": {
    "K_ALK": 0.1,
    "K_NH4": 0.01,
    "K_O2": 0.3,
    "K_STO": 0.525,
    "b_A_NOX": 0.0755,
    "b_A_O2": 0.1555,
    "b_H_NOX": 0.175,
    "b_STO_NOX": 0.1255,
    "b_STO_O2": 0.25,
    "f_S_I": 0.025,
    "f_X_I": 0.2,
    "i_N_BM": 0.0675,
    "i_N_S_I": 0.01,
    "i_N_S_S": 0.03,
    "i_N_X_I": 0.03,
    "i_N_X_S": 0.0355,
    "i_SS_BM": 0.899999955,
    "i_SS_X_I": 0.749999955,
    "i_SS_X_S": 0.749999955
  },
  "special": {}
}